x,y,z
172.026,184.113,176.5
172.738,180.44,177.211
176.166,180.705,178.912
177.832,178.326,176.479
181.155,178.32,178.34
179.66,176.998,181.582
177.466,174.486,179.747
180.482,173.112,177.868
182.023,171.928,181.149
179.264,169.297,181.516
179.207,167.993,177.937
176.766,170.331,176.179
178.975,171.69,173.411
177.227,174.312,171.305
176.116,173.116,167.884
174.835,174.732,164.715
172.42,177.659,164.982
169.428,177.42,162.652
166.514,179.57,161.535
162.829,178.873,162.168
160.406,178.688,159.233
156.609,177.892,159.354
154.246,177.255,156.334
151.777,180.144,155.614
149.613,181.71,152.812
148.423,178.727,150.732
147.594,178.919,147.03
144.665,176.831,145.799
144.379,174.553,142.769
141.895,171.878,141.688
142.323,168.475,140.055
140.022,165.566,139.203
140.887,161.95,140.05
139.039,159.077,138.392
139.121,155.707,140.138
137.654,153.265,137.58
139.807,152.623,134.481
138.258,152.518,131.028
138.205,149.047,129.458
136.361,150.093,126.238
139.302,148.994,123.968
139.177,145.421,125.437
135.459,145.274,126.397
134.574,142.29,124.192
135.92,139.794,126.771
136.342,141.157,130.3
133.879,139.098,132.355
131.842,140.691,135.138
134.834,141.918,137.155
133.978,145.585,136.633
130.497,145.205,138.139
131.916,143.736,141.355
134.629,146.402,141.452
131.991,149.124,141.093
129.871,147.541,143.826
132.813,147.464,146.243
134.019,150.974,145.401
130.508,152.371,145.893
130.527,151.039,149.446
134.022,152.425,149.957
133.009,155.891,148.728
129.548,156.249,150.296
130.821,157.145,153.811
132.891,160.016,152.401
129.911,161.427,150.498
127.731,161.123,153.591
130.311,162.911,155.731
130.717,165.717,153.188
126.968,166.211,152.738
126.615,167.44,156.337
128.091,170.873,155.605
126.913,171.279,151.954
123.171,170.896,152.829
123.393,173.055,156.011
125.481,175.984,154.61
123.742,179.024,153.114
125.417,182.116,151.697
124.615,185.423,153.388
129.834,185.613,154.211
128.458,182.093,154.662
125.887,181.532,157.42
126.712,178.199,159.047
123.61,176.437,160.348
125.17,175.648,163.721
122.091,173.892,165.086
122.131,171.161,162.437
125.895,170.597,162.643
125.74,169.954,166.387
129.124,168.86,167.738
132.012,170.385,165.793
135.558,171.66,166.263
137.031,175.02,165.298
139.281,173.396,162.697
136.35,171.419,161.291
134.213,174.554,160.915
137.089,176.487,159.341
137.564,173.626,156.872
133.84,173.446,156.121
133.738,177.148,155.277
136.567,176.648,152.78
134.795,173.571,151.411
131.652,175.605,150.751
133.719,178.376,149.162
135.37,175.838,146.843
131.988,174.279,146.026
131.3,177.322,143.838
134.123,176.348,141.471
133.597,172.598,141.943
130.355,172.905,139.944
132.059,174.341,136.851
134.277,171.253,136.625
131.114,169.152,137.002
129.665,170.342,133.676
132.333,168.262,131.882
131.075,164.946,133.29
130.207,163.544,129.857
133.822,164.232,128.85
135.365,162.8,132.036
134.165,159.202,131.596
135.284,159.026,127.956
138.949,159.712,128.74
141.162,156.637,128.297
144.602,157.997,129.192
146.538,158.01,132.451
146.853,161.819,132.459
144.641,163.958,130.215
143.785,167.654,129.91
140.212,168.781,129.241
138.917,172.14,128.043
140.385,177.551,132.794
141.891,174.062,132.542
141.067,170.69,134.094
143.373,167.69,134.514
142.066,164.124,134.837
144.346,161.484,136.384
142.812,158.073,135.727
143.869,155.415,138.233
145.388,152.121,137.063
145.059,153.139,133.404
148.692,152.971,132.269
148.894,149.314,133.309
145.885,148.336,131.19
147.072,150.306,128.159
150.643,148.978,128.299
150.264,145.36,129.487
146.748,144.061,128.769
145.441,145.718,125.584
148.628,145.034,123.549
148.573,141.322,124.488
144.856,140.566,124.14
145.346,138.128,121.253
148.459,136.437,122.661
146.672,134.992,125.713
143.175,133.644,126.27
140.495,136.058,127.443
140.168,134.146,130.724
143.803,134.867,131.599
143.349,138.547,130.731
140.226,138.75,132.898
142.009,137.092,135.823
144.985,139.447,135.49
142.697,142.489,135.37
140.839,141.256,138.457
144.142,140.773,140.286
145.262,144.288,139.348
141.985,145.808,140.551
142.175,143.863,143.818
145.757,145.023,144.394
144.73,148.627,143.734
141.87,148.312,146.229
144.216,146.766,148.798
146.642,149.67,148.418
143.835,152.256,148.541
141.981,150.798,151.548
144.605,151.925,154.081
143.741,155.635,153.869
140.302,155.855,152.187
138.72,153.221,154.434
137.2,153.566,157.911
140.379,155.341,159.052
139.202,158.454,157.171
136.677,159.426,159.831
136.926,163.187,159.165
137.046,164.164,155.464
136.164,167.835,156.128
139.697,169.002,156.877
142.59,170.483,154.885
145.367,168.85,156.944
145.897,165.672,154.884
149.228,165.387,153.089
149.39,165.061,149.313
151.258,161.764,149.73
148.111,160.22,151.211
145.811,161.9,148.677
147.915,160.457,145.842
147.098,156.904,146.968
144.081,157.252,144.678
146.694,157.535,141.896
148.97,154.728,143.101
151.453,156.711,145.177
152.575,158.856,142.23
152.306,162.265,143.897
155.334,163.483,141.927
153.322,163.376,138.697
150.317,164.909,140.458
152.359,167.923,141.571
154.277,168.183,138.286
151.015,168.39,136.328
149.764,171.358,138.357
153.182,173.032,138.432
155.482,173.393,141.447
156.644,176.869,140.423
158.621,177.558,143.586
162.241,177.311,144.696
161.5,175.698,148.091
159.237,172.949,146.728
161.218,170.011,148.122
161.321,171.28,151.715
157.562,171.874,151.688
156.981,168.418,150.204
159.146,166.696,152.825
157.739,168.749,155.735
154.133,167.665,155.035
153.372,171.286,154.13
151.463,170.423,150.925
147.983,169.167,151.806
144.864,168.336,149.827
141.122,168.446,150.487
138.174,166.57,148.984
135.473,168.94,147.713
133.279,166.502,145.759
132.496,162.827,145.181
130.662,161.48,142.116
129.367,157.941,142.615
127.681,157.74,139.201
131.002,158.281,137.395
133.192,157.253,140.369
135.531,160.238,140.64
136.657,162.803,143.209
137.678,166.459,142.889
140.594,167.31,145.191
141.902,170.801,145.947
145.643,171.117,146.581
147.291,173.871,148.62
150.758,175.286,147.9
151.968,177.313,150.914
155.056,179.497,151.185
157.586,179.271,154.004
157.953,182.375,156.167
160.615,183.047,158.79
159.693,184.159,162.299
161.732,187.284,162.982
164.06,187.329,165.998
163.706,183.545,166.364
166.331,180.818,166.096
167.128,177.291,167.262
170.275,176.198,169.11
171.485,172.586,169.095
173.605,171.396,172.034
175.529,168.249,171.151
176.385,166.12,174.205
179.608,164.672,175.579
180.115,162.089,178.326
181.94,163.798,181.183
183.146,161.969,184.288
182.811,162.753,187.985
183.446,160.794,191.188
185.43,158.204,189.203
182.562,157.321,186.867
181.124,158.515,183.573
178.02,160.687,183.3
175.828,162.374,180.696
173.704,165.466,181.263
169.962,165.246,180.593
169.169,168.505,178.789
167.022,169.162,175.721
169.029,168.949,172.512
167.193,171.723,170.646
166.297,175.051,172.274
163.997,177.569,170.568
165.247,181.039,171.556
162.289,182.977,170.166
162.172,186.685,171.052
164.816,186.073,173.751
162.382,183.721,175.505
163.701,180.19,175.976
161.261,177.393,175.177
161.163,173.746,174.172
160.467,172.515,170.64
158.795,169.318,169.413
161.601,168.721,166.931
160.314,165.232,166.129
157.525,166.507,163.881
159.522,169.307,162.242
162.148,168.826,159.531
165.771,169.681,160.34
167.753,171.058,157.4
171.376,172.206,157.331
170.576,175.875,158.037
166.885,176.006,158.993
164.033,174.123,160.66
160.797,173.981,158.648
157.424,173.299,160.269
153.734,173.29,159.393
152.685,174.876,162.708
154.158,176.464,165.815
155.392,173.554,167.941
156.841,175.551,170.848
156.072,174.052,174.261
156.582,175.4,177.789
159.845,174.792,179.635
160.018,174.113,183.365
161.503,176.966,185.378
164.147,174.78,187.039
165.437,173.848,183.563
165.742,177.434,182.315
168.224,178.171,185.109
170.719,175.532,183.961
170.76,177.005,180.457
171.275,180.415,182.114
174.312,179.397,184.185
173.102,177.439,187.214
174.585,174.092,186.184
173.764,172.274,189.429
170.023,172.648,188.767
169.843,170.427,185.688
170.257,166.664,186.234
172.569,163.913,184.983
172.422,160.151,184.483
174.916,157.312,184.748
176.464,155.677,181.679
176.829,151.897,181.487
177.005,151.432,177.7
180.225,151.673,175.68
178.804,153.65,172.738
178.106,157.134,174.161
180.0,160.032,172.532
183.246,160.855,174.317
184.629,163.887,172.444
183.43,166.641,170.137
184.671,169.53,168.007
183.267,173.073,168.053
184.711,175.992,166.061
188.118,174.348,165.803
188.355,173.513,169.514
188.289,169.991,170.942
186.22,169.069,174.009
187.302,165.57,175.026
186.962,163.251,178.023
190.579,162.119,178.013
190.221,159.488,180.752
187.765,157.399,178.722
189.534,157.987,175.385
193.326,158.186,175.349
194.634,161.632,174.398
197.915,162.613,172.754
199.25,165.175,170.286
202.099,164.456,167.889
203.658,167.937,167.985
204.991,167.543,171.524
204.904,163.752,171.176
203.752,163.181,174.771
200.367,162.168,176.133
197.691,164.532,177.449
196.49,163.812,180.985
193.292,164.763,182.81
192.998,164.93,186.587
190.141,163.322,188.482
188.686,166.687,189.487
188.236,167.869,185.897
185.13,166.894,183.925
186.069,167.746,180.322
189.357,168.769,178.72
189.619,171.624,176.21
192.38,171.149,173.622
193.388,173.934,171.122
196.577,175.842,169.916
197.45,177.096,173.436
197.925,173.456,174.693
199.305,171.652,171.57
198.152,171.923,167.932
197.558,168.448,166.478
195.671,165.952,168.648
195.885,162.194,168.089
192.548,161.244,169.663
191.96,157.533,169.156
193.24,156.768,165.654
192.228,160.066,163.995
194.691,162.945,163.678
193.229,166.448,163.735
194.521,170.025,163.801
192.798,172.347,166.266
192.317,176.174,166.184
192.053,178.645,169.166
189.506,179.217,171.93
187.722,182.561,172.256
186.851,182.074,175.938
188.83,182.515,179.125
192.506,181.599,178.838
192.478,179.633,182.115
189.574,177.395,181.157
190.84,174.162,182.717
191.772,175.63,186.112
188.216,176.673,186.976
185.744,174.043,188.13
181.987,173.934,188.612
179.403,172.026,190.628
177.014,169.526,189.05
173.455,168.448,189.754
171.949,165.227,191.08
171.747,161.908,189.214
168.466,160.716,187.706
167.107,157.819,185.645
164.825,158.081,182.613
163.614,154.508,182.058
159.859,154.077,181.726
159.561,151.659,184.656
162.111,153.614,186.699
159.838,156.675,186.615
157.044,154.724,188.304
159.492,153.129,190.741
160.918,156.522,191.731
157.449,158.044,192.114
156.365,155.177,194.369
159.538,155.314,196.467
159.261,159.14,196.78
155.558,158.818,197.787
156.586,156.201,200.417
159.362,158.425,201.863
156.964,161.374,202.058
154.452,159.2,203.922
157.059,158.16,206.495
158.172,161.777,206.925
154.572,162.9,207.441
153.984,160.131,209.986
157.15,161.095,211.87
156.097,164.755,211.905
152.624,163.838,213.169
153.994,161.571,215.908
156.086,164.352,217.465
